Courier code,Courier name,物流商名称
poczta-polska,Poczta Polska,波兰邮政
belgium-post,Bpost,比利时邮政
tnt,TNT,TNT
japan-post,Japan Post,日本邮政
ups,UPS,UPS
australia-post,Australia Post,澳大利亚邮政
dhlglobalmail,DHL eCommerce US,DHL eCommerce US
mrw-spain,MRW,MRW
buylogic,Buylogic,捷买送
inpost-paczkomaty,InPost,InPost
mailamericas,MailAmericas,MailAmericas
correosexpress,Correos Express,Correos Express
canada-post,Canada Post,加拿大邮政
china-post,China Post,中国邮政
dhl-es,DHL(ES),DHL(ES)
orangeconnex,Orange Connex,橙联
usps,USPS,美国邮政
brazil-correios,Brazil Correios,巴西邮政
laposte,LaPoste,法国邮政-LaPoste
taqbin-jp,Yamato Japan,Yamato宅急便
luxembourg-post,Luxembourg Post,卢森堡邮政
gls-italy,GLS(IT),GLS(IT)
new-zealand-post,New Zealand Post,新西兰邮政
hermes,Hermes,Hermes
china-ems,China EMS,中国EMS
ubi-logistics,UBI,利通物流
russian-post,Russian Post,俄罗斯邮政
dhl,DHL,DHL
gls,GLS,GLS
dpd,DPD,DPD
hermes-de,Hermes(DE),Hermes(DE)
chronopost,Chronopost,法国EMS-Chronopost
jcex,JCEX,JCEX佳成
sweden-posten,PostNord Sweden,瑞典邮政
winlink,Vnlin,合联国际
correos-spain,Correos Spain,西班牙邮政
postnl-parcels,PostNL International,荷兰邮政
hong-kong-post,Hong Kong Post,香港邮政
sfcservice,SFC,三态速递
sagawa,Sagawa,Sagawa佐川急便
ctt,Portugal CTT,葡萄牙邮政-CTT
yunexpress,YunExpress,云途物流
finland-posti,Posti,芬兰邮政
colis-prive,Colis Prive,ColisPrivé
swiss-post,Swiss Post,瑞士邮政
dpd-uk,DPD(UK),DPD英国
denmark-post,PostNord Denmark,丹麦邮政
4px,4PX,递四方
fedex,FedEx,FedEx
poste-italiane,Poste Italiane,意大利邮政
correos-mexico,Correos Mexico,墨西哥邮政
yodel,Yodel,Yodel
sunyou,SUNYOU,顺友物流
j-net,J-NET,J-NET捷网
yanwen,Yanwen,燕文物流
dpd-poland,DPD(PL),DPD波兰
cainiao,Cainiao,菜鸟
wanbexpress,Wanb Express,万邦物流
chukou1,Chukou1,出口易
cnexps,CNE Express,递一物流
winit,Winit,万邑通
gls-es,GLS(ES),GLS(ES)
pitneybowes,Pitney Bowes,Pitney Bowes
italy-sda,Italy SDA,Italy SDA
smsa-express,SMSA Express,SMSA Express
dpex,DPEX,DPEX
meest,Meest,Meest
ydhex,YDH Express,YDH义达物流
ltian,LTIAN EXP,佳邮国际
flashexpress,Flash Express,Flash Express
jtexpress,J&T Express Singapore,J&T Express Singapore
famiport,Fami Port,全家快递
qi-eleven,7-ELEVEN,7-ELEVEN
hct,HCT Logistics,新竹物流
ctt-express,CTT Express,CTT Express
far800,FAR,泛远国际物流
dpd-de,DPD(DE),DPD(DE)
epacket,ePacket,e邮宝
sfb2c,SF Express,顺丰速运
360lion,360Lion,纬狮物联网
colissimo,Colissimo,法国邮政-Colissimo
hermes-uk,MyHermes UK,MyHermes UK
pflogistics,PFL,PFL
packeta,Packeta,Packeta
espost,Espost,Espost
doortodoor,CJ Korea Express,CJ Korea Express
imile,iMile,iMile
gls-pl,GLS(PL),GLS(PL)
tip-sa,TIPSA,TIPSA
delhivery,Delhivery,Delhivery
bartolini,BRT Bartolini,BRT Bartolini
cj-dropshipping,CJ Packet,CJ Packet
bluedart,Bluedart,Bluedart
t-cat,T-CAT,黑貓宅急便
star-track,StarTrack,StarTrack
dtdc-in,DTDC India,DTDC India
buffaloex,Buffalo,Buffalo
aramex,Aramex,Aramex
kjy,KJY Express,跨境翼物流
trakpak,TrakPak,TrakPak
purolator,Purolator,Purolator
ecom-express,Ecom Express,Ecom Express
rl-carriers,RL Carriers,RL Carriers
qxpress,Qxpress,Qxpress
baxida,Sinostar Express,巴西达
an-post,An Post,爱尔兰邮政
asiafly,Asiafly,上海亚翔
swiship-uk,Swiship UK,Swiship UK
bqc,BQC Express,百千诚物流
js-exp,js-exp,急速国际
yiyuan,YYEXPRESS,一沅物流
lasership,LaserShip,LaserShip
swiship-es,Swiship ES,Swiship ES
17feia,17feia,一起飞啊
8dt,8dt,八达通
starglobal,Star Global,航星国际物流
whistl,Whistl,Whistl
cgs-express,CGS Express,超光速国际物流
apc,APC Postal Logistics,APC Postal Logistics
lbcexpress,LBC Express,LBC Express
gdex,GDEX,GDEX
newgistics,Newgistics,Newgistics
toll,Toll,Toll
fastway-ie,Fastway(IE),Fastway(IE)
yht,YHT,一海通
ninjavan-my,Ninja Van (Malaysia),Ninja Van （马来西亚）
com1express,COMONE Express,商壹国际
swiship-usa,Swiship USA,Swiship USA
tnt-it,TNT(IT),TNT(IT)
sumtom,Sumtom,三通供应链
uniuni,UniUni,UniUni
uskyexpress,Usky Express,全酋通Usky
sendle,Sendle,Sendle
gls-us,GLS (US),GLS (US)
globegistics,Globegistics,Globegistics
dhl-ecommerce-asia,DHL eCommerce Asia,DHL eCommerce Asia
couriers-please,Couriers Please,Couriers Please
canpar,Canpar Express,Canpar Express
upu,UPU,UPU
fastway-nz,Fastway(NZ),Fastway(NZ)
aramex-au,Aramex Australia,Aramex Australia
yto,YTO,圆通
btd,BTD,宝通达
miuson,Miuson,深圳淼信
szanjun,Anjun,安骏物流
equick,Equick,网易速达
ekart,Ekart,Ekart
xpressbees,Xpressbees,Xpressbees
shree-tirupati,Shree Tirupati,Shree Tirupati
jtexpress-my,J&T Express Malaysia,J&T Express Malaysia
professional-couriers,Professional Couriers(TPC),Professional Couriers(TPC)
abf,ABF Freight,ABF Freight
south-africa-post,South African Post Office,南非邮政
gati-kwe,Gati-KWE,Gati-KWE
i-parcel,i-parcel,i-parcel
cyprus-post,Cyprus Post,塞浦路斯邮政
trackon,Trackon,Trackon
lineclearexpress,Line Clear Express,Line Clear Express
acommerce,aCommerce,aCommerce
andreani,Grupo logistico Andreani,Grupo logistico Andreani
borderexpress,Border Express,Border Express
cjlogistics,CJ Logistics International,CJ Logistics International
courierit,Courier IT,Courier IT
dawnwing,Dawn Wing,Dawn Wing
dd_express,DD Express,DD Express
elian_post,Yilian (Elian) Supply Chain,易连供应链
fmx_asia,FMX,FMX
logisticacanaria,ASIGNA,ASIGNA
lso,Lone Star Overnight,Lone Star Overnight
novaposhta,Nova Poshta,Nova Poshta
webcsw,OCS ANA Group,OCS ANA Group
cope,Cope Sensitive Freight,Cope Sensitive Freight
dhlparcel,DHL Parcel NL,DHL Parcel NL
dpd_ru,DPD Russia,DPD Russia
elta,ELTA Hellenic Post,希腊邮政
estafeta,Estafeta,Estafeta
jerseypost,Jersey Post,Jersey Post
postur,Iceland Post,冰岛邮政
sap_express,SAP EXPRESS,SAP EXPRESS
sendaexpress,Mexico Senda Express,Mexico Senda Express
shipwizmo,Wizmo,Wizmo
shreenandancourier,SHREE NANDAN COURIER,SHREE NANDAN COURIER
skynetwwe,SkyNet Worldwide Express,SkyNet Worldwide Express
spoton,SPOTON Logistics,SPOTON Logistics
szendex,SZENDEX,SZENDEX
wndirect,wnDirect,wnDirect
xde,Ximex Delivery Express,Ximex Delivery Express
aplus100,A Plus Express,美国汉邦快递
arkexpress,ARK Express,方舟国际速递
bombinoexp,Bombino Express,Bombino Express
dpe,DPE Express,递必易
esdex,TopEX,卓志
first_flight,First Flight Couriers,First Flight Couriers
kazakhstan-post,KazPost,哈萨克斯坦邮政
lbexps,LB Express,立邦国际物流
lwe,LWE,LWE
mauritius-post,Mauritius Post,毛里求斯邮政
posta,Macedonia Post,马其顿邮政
tarrive,Tonda Global,通达全球
etowertech,eTower,eTower
dbschenker-se,DB Schenker Sweden,DB Schenker Sweden
lhtex,LHT Express,联昊通
jtexpress_vn,J&T Express Vietnam,J&T Express Vietnam
joom,Joom Logistics,Joom Logistics
geswl,GESWL Express,上海翼速国際物流
stepforwardfs,Step Forward,Step Forward
ec-express,EC express,东擎速递
newegg,Newegg Express,Newegg Express
orangeds,OrangeDS,OrangeDS
ase,ASE KARGO,ASE KARGO
legion_express,Legion Express,Legion Express
sblogistica,Sber Logistics,Sber Logistics
gls-croatia,GLS Croatia,GLS Croatia
venipak,Venipak,Venipak
stone3pl,STONE3PL,STONE3PL
stallion-express,Stallion Express,Stallion Express
roadrunner-freight,Roadrunner Freight,Roadrunner Freight
qwintry,Qwintry,Qwintry
logistika,Logistika,Logistika
logisters,logisters,随波物流
lmparcel,lmparcel,六脉速运
gls-sk,GLS Slovakia,GLS Slovakia
globalpost,Global Post,Global Post
euasia,Euasia,EAX欧亚专线
ecoscooting,EcoScooting,EcoScooting
blue-express,Blue Express,Blue Express
anicamboxexpress,Anicam Box Express,Anicam Box Express
a1post,A1POST,A1POST
139express,139 Express,139快递
pilot-freight,Pilot Freight,Pilot Freight
saia-freight,Saia LTL Freight,Saia LTL Freight
tnt-au,TNT Australia,澳大利亚TNT
shopeexpress,Shopee Express（MY）,Shopee Express（MY）
jamaica-post,Jamaica Post,Jamaica Post
korea-post-(domestic),Korea Post (Domestic),韩国邮政
kyrgyz-express-post,Kyrgyz Express Post,吉尔吉斯斯坦邮政
lithuania-post,Lithuania Post,立陶宛邮政
postplus,PostPlus,PostPlus
pos-malaysia,Pos Malaysia,马来西亚邮政
malta-post,Malta Post,马耳他邮政
norway-post,Norway Post,挪威邮政
pakistan-post,Pakistan Post,巴基斯坦邮政
philippine-post,Philippine Post,菲律宾邮政
correo-el-salvador,Correo El Salvador,塞尔瓦多邮政
post-sa,Saudi Post,沙特阿拉伯邮政
slovakia-post,Slovakia Post,斯洛伐克邮政
sri-lanka-post,Sri Lanka Post,斯里兰卡邮政
chunghwa-post,Chunghwa Post,台湾邮政
ptt,PTT,土耳其邮政
ukrposhta,Ukrposhta,乌克兰邮政
vietnam-post,VietNam Post,越南邮政
ytb,1TONG,1TONG
alj,ALLJOY,ALLJOY
fuj,FJEX,上海孚界物流
mad,Madrooex,Madrooex
sbd,SBD,SBD
swe,SW Express,上海守务国际
wel,WEL,世航通运
xyl,XYL,兴远国际物流
xyy,XYY,行运易
yid,1ST,一代国际
bht,BHT,白海豚
fbb,FBB,摆渡一下
eac,EAC,富皇美运
hzc,HZC,洪赞成物流
hsd,HSDGJ,寰世达
jhl,JH,杰航国际物流
lte,LTEXP,乐天速递
lxl,LingXun Logistics,领讯物流
dreamlove,NutriPass Global,合规供应链
qye,QY,千予国际物流
shg,SHE,森鸿国际
jxc,SHJX,上海驹隙
xxd,XXD,上海享享达
scg,SCGJ,拾诚国际
sdk,SDK,斯德克
tsl,TakeSend,泰嘉物流
tfs,TFS,天府盛
tyz,TopYou,通邮集团
xxw,Star-Wish,星希望供应链
fhe,YFH,原飞航
zle,AllRoad,众鹿跨境物流
fpost,5Post,5Post
abxexpress,ABX Express,ABX Express
acscourier,ACS,ACS
apg,APG eCommerce,APG eCommerce
aqu,Aquiline,Aquiline
asendiausa,Asendia USA,Asendia USA
bluecare,Bluecare,Bluecare
cargus,Cargus,Cargus
cdllastmile,CDL Last Mile,CDL Last Mile
chitchats,Chit Chats,Chit Chats
collectplus,Collect+,Collect+
dao365,dao,dao
dealersend,DealerSend,DealerSend
dhlactivetracing,DHL ACTIVETRACING,DHL ACTIVETRACING
dhlfreight,DHL Freight,DHL Freight
dhlparcelpl,DHL Parcel (PL),DHL Parcel (PL)
dhlparceluk,DHL Parcel (UK),DHL Parcel (UK)
dicomexpress,Dicom Express,Dicom Express
dotzot,DotZot,DotZot
dpdfr,DPD (FR),DPD (FR)
dpdie,DPD (IE),DPD (IE)
dpdpt,DPD (PT),DPD (PT)
dpdro,DPD (RO),DPD (RO)
earlybird,Early Bird,Early Bird
easymail,Easy Mail,Easy Mail
eltacourier,ELTA Courier,ELTA Courier
epostglobal,ePost Global,ePost Global
estesexpress,Estes,Estes
expressone,Express One,Express One
fastwayza,Fastway (ZA),Fastway (ZA)
firstmile,FirstMile,FirstMile
genikitaxydromiki,Geniki Taxydromiki,Geniki Taxydromiki
glscz,GLS (CZ),GLS (CZ)
glshu,GLS (HU),GLS (HU)
glsro,GLS (RO),GLS (RO)
glssi,GLS (SI),GLS (SI)
helthjem,Helthjem,Helthjem
hrp,HRP,HRP
hunterexpress,Hunter Express,Hunter Express
ids,IDS Logistik,IDS Logistik
iml,IML,IML艾姆勒
intelcom,Intelcom Express,Intelcom Express
jetid,J&T Express (ID),J&T Express (ID)
jtexpressph,J&T Express (PH),J&T Express (PH)
jtexpressth,J&T Express (TH),J&T Express (TH)
jetinternational,J&T International,极兔国际
janio,Janio,Janio
jneexpress,JNE Express,JNE Express
landmarkglobal,Landmark Global,Landmark Global
loomisexpress,Loomis Express,Loomis Express
matkahuolto,Matkahuolto,Matkahuolto
microexpress,Micro Express,Micro Express
ninjavan-id,Ninjavan (ID),Ninjavan (ID)
ninjavan-ph,Ninjavan (PH),Ninjavan (PH)
ninjavan-sg,Ninjavan (SG),Ninjavan (SG)
ninjavan-th,Ninjavan (TH),Ninjavan (TH)
ninjavan-vn,Ninjavan (VN),Ninjavan (VN)
ocaargentina,OCA,OCA
omniparcel,OmniParcel,OmniParcel
packlink,Packlink,Packlink
paquetexpress,Paquetexpress,Paquetexpress
parcel2go,Parcel2GO,Parcel2GO
posthaste,Post Haste,Post Haste
pplcz,PPL CZ,PPL CZ
redpack,Redpack,Redpack
runnerexpress,Runner Express,Runner Express
sagawaglobal,Sagawa Global,Sagawa Global
shadowfax,Shadowfax,Shadowfax
skypostal,SkyPostal,SkyPostal
speedy,Speedy,Speedy
springgds,Spring GDS,Spring GDS
starken,Starken,Starken
straightship,Straightship,迅联捷航
swiship,Swiship,Swiship
tcs,TCS,TCS
thecourierguy,The Courier Guy,The Courier Guy
tonami,Tonami,Tonami
ukmail,UK Mail,UK Mail
uniteddelivery,United Delivery Service,United Delivery Service
xdpexpress,XDP EXPRESS,XDP EXPRESS
zinc,Zinc,Zinc
quantium,Quantium Solutions,冠庭国际物流
kerryexpressth,Kerry Express (TH),嘉里物流(泰国)
eqt,EQT,EQT
ewe,EWE Global Express,EWE全球物流
ews,EWS,EWS-YQ
gati,Gati,迦递货运
wwe,WWE,WWE
yhr,YuanHao Logistics,元昊物流
basaexp,Basa International,巴萨国际
chuangyulogistics,Chuangyu Logistics,创宇物流
deppon,Deppon,德邦
hyexpress,HY Express,浩远国际
hsdexpress,HSD Express,鸿盛达国际
hhw,HuaHan Logistics,华翰物流
huaxiexpress,HuaXi Express,华熙国际
jtexpresscn,J&T Express (CN),极兔速递
jpsgj,JPSGJ,捷谱斯国际
adglobal,JD Logistics,JD Logistics
cpex,CPEX,凯普
hilife,HiLiFe,莱尔富
pyexpress,PY Express,派优供应链
qianliniao,QLN,千里鸟
runforint,RFL,润峯物流
shoplinelogistics,Shopline Logistics,商链物流
zce,ZCE,上海翼速
stochina,STO Express,申通快递
lyeb2clogistics,LeiYi international logistics,深圳市雷翼国际物流
sutologistics,Suto Logistics,速通物流
syd,SYD,速邮达物流
wldexpress,WLD Express,万立德国际
wse,WSE Logistics,威速易物流
xqe,XQE,星前物流
fly,FIRST LINE,壹号专线
yimidida,YiMiDiDa,壹米滴答
ecms,ECMS,易客满
ucexpress,UC Express,优速快递
ywe,YWGJ,有为国际
tocinda,Tocinda,至信达
zto,ZTO International,中通国际
ztoexpress,ZTO Express,中通快递
bgpost,Bulgarian Post,保加利亚邮政
israel-post,Israel Post,以色列邮政
dylt,Daylight Transport,Daylight Transport
tforce-finalmile,TForce Final Mile,TForce Final Mile
rincos,Rincos,Rincos
austrian-post,Austrian Post,奥地利邮政
yrc,YRC,YRC
speedee,Spee-Dee Delivery,Spee-Dee Delivery
dtdc,DTDC,DTDC
seko,SEKO Logistics,SEKO Logistics
dhl-germany,DHL Paket,DHL Paket
shiprocket,ShipRocket,ShipRocket
ontask-express,Ontask Express,广州安时达
smartr-logistics,Smartr Logistics,Smartr Logistics
sjlexpress,SJL Express,上海捷力
singapore-post,Singapore Post,新加坡邮政
wish-post,WishPost,Wish邮
latvijas-pasts,Latvia Post,拉脱维亚邮政
kambt,Kambt,锦博天国际货运
shree-maruti,Shree Maruti Courier,Shree Maruti Courier
deutsche-post,Deutsche Post Mail,德国邮政
budbee,Budbee,Budbee
post_in,India Post,印度邮政
pickrr,Pickrr,Pickrr
ontrac,Ontrac,Ontrac
shreeanjanicourier,Shree Anjani Courier,Shree Anjani Courier
omniva,Omniva,Omniva
trax,Trax,Trax
shypmax,Shypmax,Shypmax
stcourier,ST Courier,ST Courier
ysd,YSD Logistics,赢时达
seur,Seur,Seur
payo,Payo,Payo
tpl_rider,TPL Rider,TPL Rider
mulphilog,M&P Express Logistics,M&P Express Logistics
callcourier,CallCourier,CallCourier
parcll,CIRRO E-Commerce,CIRRO E-Commerce
parcelforce,Parcelforce,Parcelforce
asendiade,Asendia Germany,Asendia Germany
asendiaapac,Asendia APAC,Asendia APAC
asendiauk,Asendia UK,Asendia UK
fulfillant,Fulfillant (Service Points),Fulfillant (Service Points)
mondialrelay,Mondial Relay,Mondial Relay
anteraja,Anteraja Tracking,Anteraja Tracking
yunda,uda International,韵达国际
sicepat,SiCepat Ekspres,SiCepat Ekspres
amazon_in,Amazon shipping india,Amazon shipping india
swyft,Swyft Logistics,Swyft Logistics
pelican,Pelican,台湾宅配通
bosta,Bosta,Bosta
zim-logistics,ZIM Logistics China,以星物流
flytexpress,FLYT,飞特物流
zyex,ZYEX,众优国际
teleport,Teleport,Teleport
evri,Evri,Evri
kerry-ecommerce,Kerry eCommerce,Kerry eCommerce
alliedexpress,Allied Express,Allied Express
leopardscourier,Leopards Courier,Leopards Courier
aramex-nz,Aramex New Zealand,Aramex New Zealand
cargoexpress,Cargo Express,Cargo Express
amazon_uk,Amazon shipping UK,Amazon shipping UK
lerdex,Lerdex,乐易汇
fulfillzy,Fulfillzy,Fulfillzy
jtexpresssa,J&T Express (SA),J&T Express (SA)
jiuzy,Jiuzeyuan,九泽元
saf,SaFly,吉飞国际物流
ycex,YCEX,永财国际
daraii,daraii,香港全速易物流
burd,Burd,Burd
edpost,ED POST,易德国际
exelot,Exelot,Exelot
sfydexpress,SFYD Express,云速递
wcc,WCC,WCC
ninjavan_int,Ninjavan International,Ninjavan International
mylerz,mylerz,mylerz
sameday-ro,Sameday (RO),Sameday (RO)
morelink,More Link,无限链接
atshealthcare,ATS Healthcare,ATS Healthcare
rhenus,Rhenus Express,Rhenus Express
olvacourier,Olva Courier,Olva Courier
blueex,BlueEx,BlueEx
tracknator,Tracknator,Tracknator
sendeo,Sendeo,Sendeo
araskargo,Aras Kargo,Aras Kargo 
greenbox,GreenBox,GREENBOX
seino,SEINO,西濃运输
17exp,17EXP,17EXP
99minutos,99Minutos,99Minutos
aaa-cooper-transportation,AAA Cooper Transportation,AAA Cooper Transportation
ac-logistics,ac logistics,ac logistics
aci-logistix,ACI Logistix,ACI Logistix
ajex,AJEX,AJEX
aliexpress,AliExpress,全球速卖通
amazon-shipping-amazon-mcf,Amazon Shipping + Amazon MCF,Amazon Shipping + Amazon MCF
ambroexpress,AmbroExpress,AmbroExpress
appleexpress,AppleExpress,AppleExpress
asendia,Asendia,Asendia
averitt-express,Averitt Express,Averitt Express
basl-express,Basl Express,Basl Express
bcd,BCD,佰舱达
best-inc-cn,Best Inc (CN),百世快运 (中国)
better-trucks,Better Trucks,Better Trucks
big-smart,BIG Smart,BIG Smart
bjl,BJL,棒极啦
boxc,BoxC,BoxC
bpost-international,Bpost International,比利时邮政国际
bright-future-supply-chain,Bright Future Supply Chain,前程似锦供应链
bring,Bring,Bring
castle-parcel,Castle Parcel,Castle Parcel
ceva-logistics,CEVA Logistics,CEVA Logistics
citymail-se,CityMail SE,CityMail SE
cj,CJ,促佳
colicoli,Colicoli,Colicoli
conwest-logistics,Conwest Logistics,西征物流
coordinadora,Coordinadora,Coordinadora
cosco-shipping-air,Cosco Shipping Air,中远海运空运
cosex,COSEX,浙江慧合
croatian-post,Croatian Post,Croatian Post
czech-post,Czech Post,Czech Post
daewoo-fastex-courier,Daewoo FastEx Courier,Daewoo FastEx Courier
daraz,Daraz,Daraz
day-&-ross,Day & Ross,Day & Ross
dealfy,Dealfy,Dealfy
deksu,Deksu,德速电商物流
dhl-parcel-spain,DHL Parcel Spain,DHL Parcel Spain
dhlink,DHLink,驼飞侠
dmf,DMF,斗满科技
dor,DOR,哆啦任意门
dpd-at,DPD (AT),DPD (AT)
dpd-be,DPD (BE),DPD (BE)
dpd-gr,DPD (GR),DPD (GR)
dpd-hu,DPD (HU),DPD (HU)
dragonfly,Dragonfly,Dragonfly
dsv,DSV,DSV
dxdelivery,DX,DX
dyj,DYJ,达运佳
eboexp,EBOEXP,鄂宝
emirates-post,Emirates Post,Emirates Post
e-post,E-post,E-post
epost,ePOST (??????),ePOST (??????)
eshipper,eShipper,eShipper
ethiopian-post,Ethiopian Post,Ethiopian Post
fan-courier,FAN Courier,FAN Courier
fastgo,Fastgo,速派快递
flash-express-my,Flash Express (MY),Flash Express (MY)
flash-express-ph,Flash Express (PH),Flash Express (PH)
foxpost,FOXPOST,FOXPOST
franch-express,Franch Express,Franch Express
fstexpress,Fstexpress,Fstexpress
fukuyama-transporting,Fukuyama Transporting (福山通運),福山通运
gande,Gande,贛德
gel-express-logistik,GEL Express Logistik,GEL Express Logistik
geodis,GEODIS,GEODIS
gls-portugal-national,GLS Portugal (National),GLS Portugal (National)
gogo-xpress,GoGo Xpress,GoGo Xpress
gps,GPS,凌曦物流
grupo-ampm,Grupo ampm,Grupo ampm
gti,GTI,跨境易通
gzhy,HUAYA EXPRESS,华亚运通
hailify,Hailify,Hailify
hanjin,Hanjin,Hanjin
haohai,haohai,浩海物流
heping-logistics,Heping Logistics,禾平物流
hepsijet,HepsiJET,HepsiJET
hfd,HFD,HFD
hong-hai-chain,Hong Hai Chain,宏海供应链
ics-courier,ICS Courier,ICS Courier
india-post,India Post,India Post
inpost-es,InPost (ES),InPost (ES)
inpost-it,InPost (IT),InPost (IT)
intelcom-ca,Intelcom (CA),Intelcom (CA)
inter-rapidisimo-inter-rapidsimo,Inter Rapidisimo (INTER RAPID?SIMO),Inter Rapidisimo (INTER RAPID?SIMO)
ithink-logistics,iThink Logistics,iThink Logistics
jtexpress-mx,J&T Express (MX),J&T Express (MX)
jiufang,JiuFang,JiuFang
jp-bh-post,JP BH Post,JP BH Post
jusda-international,Jusda International,准时达
jzgj,JZGJ,嘉至国际
kerry-express-hk,Kerry Express (HK),Kerry Express (HK)
ktd,KTD,KTD
kunyi,KunYi,鲲一
kyd,KYD,跨易达
kye,KYE,跨越速运
kye-cn,KYE (CN),跨越速运 (中国)
lbtx,LBTX,龙本天下
ldgj,LDGJ,领东国际
lingjing,Lingjing,灵境
lion-parcel,Lion parcel,Lion parcel
loggi-express-br,Loggi Express BR,Loggi Express BR
lotte-global-logistics,Lotte Global Logistics,Lotte Global Logistics
magyar-posta,Magyar Posta,Magyar Posta
mcn,MCN,麦链中国
meyer-distribution,Meyer Distribution,Meyer Distribution
mng-kargo,MNG Kargo,MNG Kargo
morning-global,Morning Global,Morning Global
nacex,Nacex,Nacex
naqel,Naqel,Naqel
new-zealand-couriers,New Zealand Couriers,New Zealand Couriers
nextsmartship,NextSmartShip,NextSmartShip
ocs-express,OCS Express,OCS 国际快递
oulala,Oulala,Oulala
pall-ex-uk,Pall-Ex (UK),Pall-Ex (UK)
pantos-logistics-lx-pantos,Pantos Logistics (LX PANTOS),Pantos Logistics (LX PANTOS)
parcelhub,Parcelhub,Parcelhub
piggyship,PiggyShip,PiggyShip
pingdaguoji,Pingdaguoji,平达国际
pkd-express,PKD express,派刻达国际
pos-indonesia,Pos Indonesia,Pos Indonesia
postmedia-parcel-services-bni-pa,Postmedia Parcel Services (BNI Parcel Tracking),Postmedia Parcel Services (BNI Parcel Tracking)
postnl,PostNL,PostNL
pro-carrier,Pro Carrier,Pro Carrier
raben-group,Raben Group,Raben Group
safexpress,Safexpress,Safexpress
saiyascm,Saiyascm,塞亚国际
scaleorder,ScaleOrder,北斗互联
sdh,SDH,闪电猴
sendex,Sendex,Sendex
shibida,SHIBIDA,时必达
shopee-xpress-id,Shopee Xpress (ID),Shopee Xpress (ID)
shopee-xpress-sg,Shopee Xpress (SG),Shopee Xpress (SG)
shopee-xpress-th,Shopee Xpress (TH),Shopee Xpress (TH)
shopeeexpressph,ShopeeExpress(PH),ShopeeExpress(PH)
shopeeexpressvn,ShopeeExpress(VN),ShopeeExpress(VN)
skuare,SKUARE,世宽国际
slovak-parcel-service,Slovak Parcel Service,Slovak Parcel Service
southeastern-freight-lines,Southeastern Freight Lines,Southeastern Freight Lines
speedaf,Speedaf,Speedaf
spx,SPX,SPX
srj,SRJ,思睿捷国际
st-international-express,ST International Express,速通国际快运
super-pack-line,Super Pack Line,Super Pack Line
super-parcel-track,Super Parcel Track,速鹏
swiship-au,Swiship (AU),Swiship (AU)
swiship-ca,Swiship (CA),Swiship (CA)
swiship-de,Swiship (DE),Swiship (DE)
swiship-fr,Swiship (FR),Swiship (FR)
swiship-jp,Swiship (JP),Swiship (JP)
thailand-post,Thailand Post,Thailand Post
tiki,TIKI,TIKI
tiktok,TikTok,TikTok
topest,Topest,深圳韬博
tscb,TSCB,天盛跨境
tufan,Tufan,Tufan
twb,TWB,伯聚世通
uafrica,Uafrica,Uafrica
ulala,ULALA,ULALA
ups-freight,TForce Freight (UPS Freight),TForce Freight (UPS Freight)
ups-mail-innovations,UPS Mail Innovations,UPS Mail Innovations
urvaam,Urvaam,Urvaam
vamaship,Vamaship,Vamaship
wcx,WCX,伟成国际
wuyouexp,WUYOUEXP,物邮供应链
wynn-express,Wynn Express,永利运通
x-eagle,X-Eagle,老鹰跨境
xingsu,XINGSU,星速货运
xjwl,XJWL,雄九物流
ybd,YBD,邮必达
yc,YC,扬程国际货运
yes-speed,Yes-speed,元速航空
yl,YL,颐龙快递
you-track,YOU TRACK,YOU TRACK
ysdpost,YSDPOST,优时达
yunhui-logistics,YunHui Logistics,云晖物流
yurtici-kargo,Yurtici Kargo,Yurtici Kargo
yypost,YYpost,YYpost
z1express,Z1Express,宙一物流
zeleris,Zeleris,Zeleris
kyoungdong,???? (KYOUNGDONG),???? (KYOUNGDONG)
hygj,环越国际专线,环越国际专线
dalilee,Dalilee,Dalilee
blowhorn,Blowhorn,Blowhorn
cititrans,CITIRANS,亦邦物流
huisenky,huisenky,汇森速运
ztofreight,ZTO FREIGHT,中通快运
ane56,ANE,安能物流
ahl-logistic,AHL Logistic,AHL Logistic
czl-express,CZL Express,CZL Express
shunbang,Shunbang Express,顺邦科技物流
citymail-pk,CityMail PK,CityMail PK
ylt-global,YLT Global,亿俐缇
ywyite,E-TER LOGISTICS,义特海外无忧
ysdgj56,YISHIDA INTERNATIONAL LOGISTICS,壹世达国际物流
cdek,CDEK,俄罗斯联邦
sinoex,SINOTRANS EXPRESS,中外运速递
yuanda56,Yuanda,北京远大捷通
hjyt56,恒捷宇通,恒捷宇通
jiahao,JIAHAO,嘉昊国际
jy-express,JY EXPRESS,捷优国际
yfkj56,E-FUN LOGISTICS,亿方跨境
zhiteng,Zhi Teng Logistics,志腾物流
xiaoya56,XIAOYA,温州小丫
zd-express,ZD EXPRESS,洲道速递
yuqin,Yuqin Express,宇勤国际货运
zhongxin,ZHONGXIN,中欣物流
best-my,Best Inc (MY),百世快运（马来西亚）
luwjistik,luwjistik,luwjistik
ltl,LTL,LTL
omgo,OMGO,欧美易购
postex,PostEx,PostEx
danniao,DANNIAO,丹鸟快递
bluebuck,Blue Buck,蓝羚国际
hjxing,Huijuxing Logistics,汇聚兴物流
hpwl,HAI PENG,海鹏物流
itepi,YI MI GONG YING LIAN,依米供应链
szbl56,szbl,贝拉供应链
hyd,HYDO,汇洋达物流
logsoeasy,logsoeasy,三合源
jdl,JDL,京东物流
yunda56,Yunda Express,韵达快运
dhl-ecommerce-cn,DHL eCommerce CN,DHL eCommerce CN
celdt,CEL International,珲春畅达
whatsship,Whats ship,Whats ship
weaship,WESHIP,weaship国际速运
cmk,CMK,晨明坤供应链
kxj,kaixuanjia,凯旋嘉供应链
fafalux,FAFALUX,邦太跨境物流平台
tusou,TUSOU,图搜物流
bcytexp,BCYT EXP,秉诚运通
logtt,LOGTT,妥投国际物流
techtms,Techtms,Techtms
wex,WEX,WEX
myteamge,Team Global Express,Team Global Express
siyunda,驷运达国际,驷运达国际
ckeex,CKEEX Global Express,希凯易
apc-overnight,APC Overnight,APC Overnight
xinran,X. R. Logistics,欣染
dsv-za,DSV（ZA）,DSV（ZA）
thedeliverygroup,The Delivery Group,The Delivery Group
cirro,CIRRO,CIRRO
xfd,NEWFENGDA,新丰达跨境
yuteng,Xin Kunpeng Logistics,鑫鲲鹏物流
hopetrans,HOPE TRANS,深圳皓鹏国际物流
huahaiexpress,Huahai Express,花海速递
db-schenker,DB Schenker,DB Schenker
dlx,DLX,德立迅国际物流
luckysky,LUCKY SKY,乐天集运
wiselution,Wiselution,智方物流科技
stjy56,STJY,苏州通世供应链
zidin,Zidin,自迪
udel,UDEL,优递物流
cnllexp,LINLONG,琳龙速递
yaresea,YARESEA INTL LOG,豫海易境
wanyuexpress,Wanyu Express,万宇运通
gls-spain,GLS Spain (National),GLS Spain (National)
cirroparcel,CIRRO Parcel,CIRRO Parcel
quiqup,Quiqup,Quiqup
emileps,eMile,eMile
dayonetrack,Day One Track,Day One Track
dpd-ch,DPD (CH),DPD (CH)
welight-exp,Welight,威莱特国际
xys,xyslogistics,新源晟
b2ceurope-be,B2C Europe(BE),B2C Europe(BE)
dmgj,Damai International Logistics,大迈国际物流
passport,Passport Shipping,Passport Shipping
szqlwl,Qili Logistics,齐力物流
hbgyl,Hanbang Supply Chain,瀚邦供应链
suratkargo,Surat Kargo,Sürat Kargo
aoyue,Aoyue,澳越供应链
fswuliu,FAN SHENG,帆盛物流
linhan56,LIN HAN GUO JI,林瀚国际
estafeta-usa,Estafeta USA,Estafeta USA
ywbzexpress,YWBZ Express,百洲货运
uralsvip,URAL,乌拉尔国际物流
mtswl,MEITESHUN,美特顺物流
poslaju,PosLaju,PosLaju
amazon_it,Amazon shipping Italy,Amazon shipping Italy
tanais,Tanais express,Tanais express
jx2u,JUXIN,聚馨科技
eparcelus,Eparcel,Eparcel
guoo,GUOO Logistics,国欧物流
szcsjwl,szcsjwl,穿山甲
linktrans,Linktrans Logistics,联宇物流
fqd56,FDQ,凡士达
logic,Logic,Logic
atbexpress,ATB,ATB 速运
szlxgyl,szlxgyl,联行供应链
jygjgyl,jygjgyl,嘉扬国际
fasthorse,Fast Horse Express,Fast Horse Express
willcang,willcang,未来云仓
tiui,tiui,tiui
kqgyl,kqgyl,凯琦供应链
alibaba-logistics,alibaba logistics,阿里巴巴国际站物流服务
b2ceurope-de,B2C Europe(DE),B2C Europe (DE)
egxpress,Egypt Express,Egypt Express
fdgyl,FREEDOM GLOBAL,飞点供应链
speedx,SpeedX,SpeedX
gobolt,GoBolt,GoBolt
jcwexpress,JCW Express,急成稳物流
flycourier,Fly Courier,Fly Courier
yuanchuan_int,YUANCHUAN,远传国际
hua_express,HUA EXPRESS,华联万通
benben,BEN BEN,BEN BEN
quiken,quiken,quiken
peddler,Peddler Express,Peddler Express
summitspeed,Summit Speed,Summit Speed
spl,SEAPORT EXPRESS,海港极速
ywcjgj,CJ-EXP,畅俊国际
yuanpeng,YP,远朋物流
bahao,EIGHT International freight,八好国际
uofexp,UOF EXPRESS,骏佳国际物流
ozon,OZON,OZON
gofo-express,GOFO,GOFO
ontime,Ontime,Ontime
boxnow,BOXNOW,BOXNOW
ets-express,RETS EXPRESS,俄通收
anhua,Anhua International,安华国际
tyh,TYH,通云航
skynet-pk,Skynet(PK),Skynet(PK)
too-express,TOO Express,TOO Express
yingde,YingDe,应得物流
dpd-cn,DPD(CN),DPD(CN)
yne,YNE,日昇源
logbay,Logbay,琉贝
dpd-si,DPD(SI),DPD(SI)
meijie,Meijie,美捷国际
techlink,Techlink,智禾
thhy,TH,天汇恒源
xichen,XICHEN,熙辰供应链
xyex,XYEX,星邮国际
chinz,CHINZLOGISTICS,泰远国际物流
pdex,PD Express,PD Express
supcourier,Supcourier,Supcourier
gls-de,GLS(DE),GLS(DE)
easy-express,Easy Express Global,Easy Express Global
tusklogistics,tusk logistics,tusk logistics
porterex,Porter Express,Porter Express
posten-bring,Posten Bring,Posten Bring	
dpd-nl,DPD(NL),DPD(NL)
daipost,DAI Post,DAI Post
transfly,TRANSFLY,TRANSFLY
ytgyl,YTGYL,义途供应链
fedex-cross-boder,Fedex Cross Boder,Fedex Cross Boder
relay,Relay,Relay
jthq,JTHQ,极通环球
sky-sa,SKY-SA,SKY-SA
gtagsm,GTA GSM,GTA GSM
goworldexpress,Go World Express,行界物流
ant-parcel,ANT PARCEL,ANT PARCEL
mtexp,MTEXP,萌兔供应链
jitongexp,JT,际通国际速递
valmo,VALMO,VALMO
pdn,PDN EXPRESS,PDN EXPRESS
horizon,HORIZON,HORIZON
veho,Veho,Veho
slxexp,SLX,世联鑫国际物流
shipglobal-in,Shipglobal.in,Shipglobal.in
heppner,Heppner,Heppner
jlfba,Jinlian,锦联国际物流
3pe,3PE EXPRESS,3PE EXPRESS
fan-courier-eu,FAN Courier (EU),FAN Courier (EU)
bestfulfill,BESTFULFILL,BESTFULFILL
newpackets,NewPackets,NewPackets
metropolitan,METROPOLITAN,METROPOLITAN
fleetoptics,FleetOptics,FleetOptics
metooda,METOODA,美通达
westernpost,Western Post, Western Post
mothership,Mothership,Mothership
asusexp,AUS,AUS
dhl-tr,DHL eCommerce (TR),DHL eCommerce (TR)
xuansi,XUANSI,炫思速运
xlcourier,XLCourier,XLCourier
bdt,BDT,百达通物流
finalstep,FinalStep,FinalStep 
flashbox,FlashBox,FlashBox
kolay-gelsin,Kolay Gelsin,Kolay Gelsin
instabox,Instabox,Instabox
runding,Run Ding,容鼎供应链
cargo-expreso,Cargo Expreso,Cargo Expreso
huiganwu,HUIGANWU,汇赣武供应链
hubo,Hubo Logistics,巨宝物流
qianhai-zhongxing,Qianhai zhongxin supply chain,钱海众鑫供应链
xwwt,XWWT,兴伟万通
tuomeida,Tuomeida Logistics,拓美达
zy100,ZY,中远快运
shipink,Shipink,Shipink
swiftx,SwiftX Express,SwiftX Express
fastbox,Fast box,Fast box
do-deliver,Do Deliver,Do Deliver
kunexpress,Kun Express,鲲辰
b2ceurope-nl,B2C Europe (NL),B2C Europe (NL)
zonace,ZONACE,尊祐供应链
dpdex,DpdEx,多普达国际
iq-fulfillment,IQ Fulfillment,IQ Fulfillment
byt,BYT,佰邮通
central-transport,Central Transport,Central Transport
jytd,JYTD,捷易通达
xzh,新纵横,XZH
xlmiles,Xlmiles,Xlmiles
omest,OMEST,OMEST
yanwenexpress,YWE,YWE
haodonggj,HDGJ,皓东国际
yunfeng,Yunfeng,云锋国际物流
giga-cloud,GigaCloud Technology Inc,GigaCloud Technology Inc
obibox,obibox,obibox
dexpressrs,Dexpress,Dexpress
gofo-fr,GOFO (France),GOFO (France)
gofo-nl,GOFO (Netherlands),GOFO (Netherlands)
gofo-it,GOFO (Italy),GOFO (Italy)
jasing,JASINGEXP,嘉信供应链
b2ceurope,B2C Europe,B2C Europe
bossexp,Boss Express,Boss Express
eu-shipments,eu Shipments,eu Shipments
sx,SX,SX
gls-ca,GLS(CA),GLS(CA)
wokexp,wokexp,威龙永凯
kart2door,kart2door,kart2door
zhenna,ZN AXD,臻纳供应链
tci,TCIEXPRESS,TCIEXPRESS
ywd,YWD,易网达
skynet-in,Skynet (India),Skynet (India)
spedisci,Spedisci .online,Spedisci .online
ch-robinson,C.H. Robinson,C.H. Robinson
aiya,AIYA,艾丫国际
redbox-sa,Redbox SA,Redbox SA
mingyang,Mingyang,明扬国际
ql-post,QL Post,琪林国际
gokwik,GoKwik,GoKwik
doordash,DoorDash,DoorDash
shipbob,ShipBob,ShipBob
parkn-parcel,Park N Parcel,Park N Parcel
novapost,Nova Post,Nova Post
speedpost,Speedpost,Speedpost
yto-ph,YTO Express(PH),圆通速递（菲律宾）
vt,VT freight express,VT freight express
jeebly,Jeebly,Jeebly
pdu,PDU,友递联
maiyun,Myline,迈运供应链
hygjgyl,Good luck International,好运国际
luwei,LuWei,露微物流
shiprocket-cargo,Shiprocket Cargo,Shiprocket Cargo
aex-express,aex express,aex express
jch,JCH,金凯供应链
rongmao,RongMao,荣贸物流
alphastline,Alphastline,傲飞国际
hitch,Hitch,Hitch
suyuan,SUYUAN,速远国际
mailog,Mailog,Mailog
blgj,BLGJ,布龙国际
bfe,BFE Express,BFE Express
torbon,Torbon,拓邦国际
ff-logistics,FF Logistics,FF Logistics
eco-express,ECO EXPRESS,ECO EXPRESS
df-express,DF EXPRESS,DF EXPRESS
lightning,Lightning Express,Lightning Express
gfs-express,GFS Express,GFS Express
jumppoint,Jumppoint,Jumppoint
jyst,JYST,嘉运晟途
ruiguantong,Ruiguantong Logistics,Ruiguantong Logistics
maxzeego,MaxZeeGo,MaxZeeGo
rastreae,Rastreae,Rastreae
sway,Sway,Sway
wjd,WJDGJ Express,万境达
cndexpress,CND Express,CND Express
jordan-post,Jordan Post,Jordan Post
kenya-post,Kenya Post,肯尼亚邮政
kiribati-post,Kiribati Post,基里巴斯邮政
kuwait-post,Kuwait Post,科威特邮政
enterprise-des-poste-lao,Enterprise des Poste Lao,老挝邮政
liban-post,Liban Post,黎巴嫩邮政
lesotho-post,Lesotho Post,莱索托邮政
libya-post,Libya Post,利比亚邮政
saint-lucia-post,Saint Lucia Post,圣卢西亚邮政
macau-post,Macau Post,澳门邮政
maldives-post,Maldives Post,马尔代夫邮政
moldova-post,Moldova Post,摩尔多瓦邮政
mongol-post,Mongol Post,蒙古邮政
montenegro-post,Montenegro Post,黑山邮政
morocco-post,Morocco Post,摩洛哥邮政
myanmar-post,Myanmar Post,缅甸邮政
namibia-post,Namibia Post,纳米比亚邮政
nepal-post,Nepal Post,尼泊尔邮政
nicaragua-post,Nicaragua Post,尼加拉瓜邮政
nigerian-post,Nigerian Post,尼日利亚邮政
oman-post,Oman Post,阿曼邮政
palestine-post,Palestine Post,巴勒斯坦邮政
correos-panama,Correos Panama,巴拿马邮政
png-post,PNG Post,巴布亚新几内亚邮政
correo-paraguayo,Correo Paraguayo,巴拉圭邮政
serpost,Serpost,秘鲁邮政
q-post,Q-Post,卡塔尔邮政
romania-post,Romania Post,罗马尼亚邮政
rwanda-post,Rwanda Post,卢旺达邮政
svg-post,SVG Post,圣文森特和格林纳丁斯邮政
san-marino-post,San Marino Post,圣马力诺邮政
la-poste-de-senegal,La Poste De Senegal,塞内加尔邮政
serbia-post,Serbia Post,塞尔维亚邮政
seychelles-post,Seychelles Post,塞舌尔邮政
slovenia-post,Slovenia Post,斯洛文尼亚邮政
solomon-post,Solomon Post,所罗门群岛邮政
sudan-post,Sudan Post,苏丹邮政
direct-link,Direct Link,Direct Link
syrian-post,Syrian Post,叙利亚邮政
samoa-post,Samoa Post,赛摩亚邮政
tanzania-post,Tanzania Post,坦桑尼亚邮政
la-poste-de-togo,La Poste De Togo,多哥邮政
tuvalu-post,Tuvalu Post,图瓦卢邮政
la-poste-de-tunisia,La Poste De Tunisia,突尼斯邮政
uganda-post,Uganda Post,乌干达邮政
uzbekistan-post,Uzbekistan Post,乌兹别克斯坦邮政
correo-uruguayo,Correo Uruguayo,乌拉圭邮政
vietnam-ems,VietNam EMS,越南EMS
yemen-post,Yemen Post,也门邮政
zambia-post,Zambia Post,赞比亚邮政
zimbabwe-post,Zimbabwe Post,津巴布韦邮政
bermuda-post,Bermuda Post,百慕大邮政
gibraltar-post,Gibraltar Post,直布罗陀邮政
aland-post,Aland Post,奥兰群岛邮政
antilles-post,Antilles Post,安的烈斯邮政
aruba-post,Aruba Post,阿鲁巴邮政
faroe-post,Faroe Post,法罗群岛邮政
tele-post,Tele Post,格陵兰邮政
opt-nc,OPT-NC,OPT-NC
bty,AnserX,斑头雁物流
bab,BAB,BAB
bre,BR1,BR1
bsi,BSI,BSI
cdx,CD,成达国际物流
elx,ELINEX,一来物流
epp,EPP,易达全球
eps,EPS,EPS
zes,Eshun,俄顺国际物流
gct,GCT,GCT
ldy,Global Leader,Global Leader
gxa,GXA,高翔物流
hdl,HDQN,恒递物流
hqe,HQGJXB,HQGJXB
bwe,Hundred Miles Freight,百为物流
jap,JAPO Transport,JAPO Transport
jyf,JY,佳赢国际物流
kwt,KWT,京华达物流
zyqlde,LEADER,立德国际物流
lhg,LHG,深圳联赫国际物流
lbr,Link Bridge,Link Bridge
lye,LY,龙缘
nuo,NUO,沈诺国际
htf,OOPSTON,昊通国际物流
red,Redbox,Redbox
rhm,RHM,卉马国际物流
sana,Sana,Sana
sgf,SGF,航星物流
sht,SHT,速汇通
hme,SMARTCAT,上海黑猫快运
sta,ST Logistics,广州世通
xrz,Sunnyway,星锐国际物流
tde,TDE,TDE
tzz,Tinzung,天纵供应链
tzt,TZT,TZT
uva,UVAN,宇环国际物流
zlx,Wiio,Wiio
yfm,YFM,泛美供应链
yha,YHA,越航物流
ytg,YUTENG,彧腾国际物流
gtf,BSIE,柏电科技物流
bel,BEL,北俄国际
csi,CSIL,常昇国际
chh,CHH,春红物流
bsc,DEQI,德启
dye,DYEXPRESS,德远物流
dwe,DWE,多维智慧
ese,ESE,俄速易
fah,fargood,发个货
fce,FCKJ,飞驰供应链
jbf,JOYING BOX,飞盒跨境
fsg,FSGJ,飞速国际
gae,GAEA,盖亚物流
gcx,GCLG,光驰物流
gyl,GYL,国洋运通
hnc,HNCA Logistics,河南航投物流
hoyangexpress,HOYANGexpress,弘扬物流
hhe,HuaHang,华航吉运
hsi,Huasheng INT,华昇国际
htk,HuanTong,环通跨境物流
pfc,PFC,皇家物流
hmg,HMG,黄马褂
jdy,JDY,金斗云
jinlai,JINLAI,金来物流
jyc,JYC,金羊城
jmw,GIMEN,巨门跨境
kom,Komon,可蒙国际
cbo,KuaJing Line,跨境在线
mkf,Make Fly,迈客丰国际物流
myd,MYD,满壹滴
mzf,Mingzhi,铭志国际
cts,MSD,魔速达
nbt,NBT,南北通
oji,OU JIE,欧捷
oyx,OYXGJ,欧亚兴
pga,Pago,派格国际
psj,Parceljet,派速捷
che,Cheer,琪悦物流
qyn,Qyun,青云物流
eze,Ezex,轻松速达
rue,RUE,如易
rbl,Runbai,润百
bne,BONA,商盟
mxe,M-Trust,上海淼信
sto,STO Global,申通国际
stt,STADT,施塔特
sjs,Four Seasons,四季正扬
sst,SuperTon,速宝通
sps,SPES,速易邮
thg,Tinghao,挺好国际
did,Sinodidi,外运迪迪
wmb,WM,万盟云仓
xsexpress,XS Express,新树物流
yee,Yeeda,易达联运
yyt,YYT,易邮通
ypw,YunPai56,云派物流
atw,AtWindow,在窗
hzb,ZB,正博
zyc,CHINACOURIER,中快
zse,ZSGJ,中速国际
sin,Sinotrans,中外运香港
agility,Agility,Agility
airpak,Airpak Express,Airpak Express
axlehire,AxleHire,AxleHire
beeexpress,Bee Express,Bee Express
beone,Beone,Beone
blackarrow,Black Arrow Express,Black Arrow Express
boxberry,Boxberry,Boxberry
boxme,Boxme,Boxme
bringeraircargo,Bringer Air Cargo,Bringer Air Cargo
bringerparcel,Bringer Parcel Service,Bringer Parcel Service
cacesapostal,Cacesa Postal,Cacesa Postal
car,Caribou,Caribou
celeritas,Celeritas,Celeritas
chilexpress,Chilexpress,Chilexpress
citylink,City Link,City Link
cjlentury,CJ Century,CJ Century
cnilink,CNILINK,CNILINK
commonlineexpress,Commonline,Commonline Express
copaairlinescourier,Copa Airlines Courier,Copa Airlines Courier
courierplusnigeria,CourierPlus Nigeria,CourierPlus Nigeria
cseexpress,CSE,CSE
cubyn,Cubyn,Cubyn
dduexpress,DDU Express,DDU Express
dellin,Dellin,Dellin
delnext,Delnext,Delnext
deprisa,Deprisa,Deprisa
eas,Easy Way,Easy Way
ezg,EasyGet,EasyGet
esnadexpress,Esnad Express,Esnad Express
eurodis,EURODIS,EURODIS
fdl,Fast Despatch,Fast Despatch
fedexpoland,FedEx Poland,FedEx? Poland
flp,Flip Post,Flip Post
fpslogistics,FPS Logistics,FPS Logistics
gaash,GAASH Worldwide,GAASH Worldwide
gcexpress,GCX,GCX
geis,Geis,Geis
ghllogistics,GHL Logistics,GHL Logistics
dostavka,GlavDostavka,GlavDostavka
gpd,GPD Service,GPD Service
grandslamexpress,Grand Slam Express,Grand Slam Express
grastin,Grastin,Grastin
gtdexpress,GTD,GTD
gts,GTS Express,GTS Express
globavend,GV,GV
happypost,Happy-Post,Happy-Post
hermesb,Hermes Borderguru,Hermes Borderguru
houndexpress,Hound Express,Hound Express
habitparcel,HP,HP
interparcelau,Interparcel (AU),Interparcel (AU)
interparcelnz,Interparcel (NZ),Interparcel (NZ)
interparceluk,Interparcel (UK),Interparcel (UK)
iqs,IQS,IQS
isologistics,ISO Logistics,ISO Logistics
jdeexpress,JDE,JDE
jenyexpress,JENY,JENY
jexpress,J-Express,J-Express
joeyco,JoeyCo,JoeyCo
ksk,K-mestu,K-mestu
lazada,Lazada,Lazada
multranslogistics,Multrans Logistics,Multrans Logistics
nexive,Nexive,Nexive
nobordist,Nobordist,Nobordist
novaposhtaglobal,Nova Poshta Global,Nova Poshta Global
ocsworldwide,OCS Worldwide,OCS Worldwide
oneworld,One World,One World
osmworldwide,OSM Worldwide,OSM Worldwide
p2pmailing,P2P Mailing,P2P Mailing
pal,PAL Express,PAL Express
pcffinalmile,PCF,PCF
ponyexpress,Pony Express,Pony Express
postaplus,Posta Plus,Posta Plus
ptsexpress,PTS Worldwide Express,PTS Worldwide Express
qualitypost,Qualitypost,Qualitypost
ram,RAM,RAM
redbox,Redbox MV,Redbox MV
royalshipments,Royal Shipments,Royal Shipments
saee,SAEE,SAEE
sailpost,Sailpost,Sailpost
scmexpress,SCM,SCM
sending,Sending,Sending
sendit,SendIt,SendIt
sgtit,SGT,SGT
skroutz,Skroutz Last Mile,Skroutz Last Mile
smartpost,SMART Post Global,SMART Post Global
sprintstar,Sprintstar,Sprintstar
tmggroup,TMG,TMG
tmmexpress,TMM Express,TMM Express
tntfr,TNT(FR),TNT(FR)
urbanfox,UrbanFox,UrbanFox
vestovoy,Vestovoy,Vestovoy
vova,Vova Logistics,Vova Logistics
wahana,Wahana,Wahana
wbc,West Bank,West Bank
wing,Wing,Wing
xpologistics,XPO Logistics,XPO Logistics
yex,Yona Express,Yona Express
zajilexpress,Zajil Express,Zajil Express
yjl,YJL,延锦国际
artlogistics,ART LOGISTICS,ART LOGISTICS
fyy,AT,AT
aus,AUS,AUS
bsl,Bird System,Bird System
continental,Continental,Continental
cxcexpress,CXC Express,CXC Express
dnjexpress,DNJ Express,DNJ Express
dtd,DTD,DTD
ece,ECexpress,ECexpress
ecommercekz,E-commerce KZ,E-commerce KZ
eteen,ETEEN,ETEEN
etotal,eTotal,eTotal
ets,ETS,ETS
gbl,Gobopost,GPSL
hjy,HJYT,HJYT
hkd,HKD,HKD
hrd,HRD,HRD
zjt,JTEX,JTEX
lex,LEX,LEX
linex,Linex,Linex
qwl,Quickway,Quickway
jbt,QYSC,QYSC
sjt,SunJT,SunJT
tdexpress,TD Express,TD Express
ute,UTEC,UTEC
xyg,XINGYUAN,XINGYUAN
yds,YDS,YDS
yle,YL,YL
ymy,YMY,YMY
zxg,ZXG,ZXG
aoy,AO YOU,澳运国际
esx,ESX Logistics,八星物流
bestex,Best Inc.,百世国际
dwz,DWZ Expres,递五洲
konglokexpress,Kong Lok Express,港乐速邮
ant,ANT Express,广州安创
yud,YDGJ,杭州宇地
hongsuda,HSD,鸿速达
hmcp,HMCP,环贸仓配
hel,HUIN Logistics,惠恩物流
galaxy,JSH,嘉盛泓
kkeexpress,King Kong Express,京广速递
empsexpress,EMPS Express,快信快包
krexi,Krexi international,坤翔国际
mct,MCTrans,马可达
sprintpack,SprintPack,欧速通
kylinexpress,Kylin Express,麒麟物流
rrslogistics,RRS Logistics,日日顺物流
rct,RCT,润成通
saichenglogistics,Sai Cheng Logistics,赛诚国际
comettech,Comet Tech,上海彗吉
qfl,QFL Expres,深圳轻风
szc,SZJY,神州集运
syexpress,SY Express,顺阳供应链
sureexpress,Sure Express,速尔快递
taishi,TaiShi,泰实
tbs,TBS,淘布斯
ttk,TT Express,天天快递
wise,Wise Express,万色速递
wht,WHT,五和通
edl,EDL,壹递诺
ybe,CITITRANS,亦邦国际
yifan,YiFan,毅帆
ytz,TO C LOGISTICS,印洋
ymytlogistics,YouMeiYuTong,优美宇通
usp,U-Speed,优时派
uxt,UXTX,邮行天下
edlonlogistics,Edlon Logistics,誉德隆物流
yhexpress,YH Express,远航国际快运
yxilogistics,YXIL,悦希物流
uda,uda International,韵达国际
cnwangtong,CN wang tong,中国网通
zsdexpress,ZSDExpress,转瞬达集运
zhxtexpress,ZHXT Express,纵横迅通国际
royal-mail,Royal Mail,英国皇家邮政
kerryindevexpress,Kerry Indev Courier,Kerry Indev Courier
ightk,iGHTK,iGHTK
1688-carrier,1688,1688
2go,2GO,2GO
3dada,3DADA,圣大
4-sides,4 SIDES,4 SIDES
4-72-carrier,4-72,4-72
4pllab,4PLLAB,4PL实验室
6zex,6ZEX,六洲速通
7-tm,7-tm,七千里
a-tiempo-cargo,A Tiempo Cargo ,A Tiempo Cargo 
ada,ADA国际,艾递爱国际
adsone,ADSOne,ADSOne
afghan-post,Afghan Post,Afghan Post
aft,AFT,阿凡提
afterhaul,AfterHaul,航飞速达
air-bus-logistics,Air Bus Logistics,Air Bus Logistics
airterra,AirTerra,AirTerra
ait-worldwide-logistics,AIT Worldwide Logistics,AIT Worldwide Logistics
albanian-post,Albanian Post,Albanian Post
alfmensajeria,AlfmensAjeria,AlfmensAjeria
algeria-ems,Algeria EMS,Algeria EMS
algeria-post,Algeria Post,Algeria Post
allegro,Allegro,Allegro
am-home-delivery,AM Home Delivery,AM Home Delivery
am-logistics,Am-logistics,亚马迅物流
angelo-logistics,Angelo Logistics,安吉诺
anjieli-express,Anjieli express,安捷利物流
anlexpress,ANL,新干线
anl-cn,ANL,美新物流
aos,AOS,澳舜物流
arcbest-panther,ArcBest (Panther),ArcBest (Panther)
arco-spedizioni,Arco Spedizioni,Arco Spedizioni
asgyl,ASGYL,安速供应链
atmad-global-cargo,ATMAD GLOBAL CARGO,深圳隆诚
avent-logistics,avent Logistics,avent Logistics
azer-express-post,Azer Express Post,Azer Express Post
baosen-suntop,Baosen Suntop,堡森三通
barbados-post,Barbados Post,Barbados Post
bdm,BDM,BDM
be,BE,贝乙国际
belize-post,Belize Post,Belize Post
belpost,Belpost,Belpost
best-express,BEST EXPRESS,BEST EXPRESS
beta,BETA,骆迈通
bex,BEX,BEX
bhutan-post,Bhutan Post,Bhutan Post
bl,BL,比邻供应链
blackhaul,BLACKHAUL,BLACKHAUL
blue-leopard,Blue Leopard,蓝豹云仓供应链
bluestreak,Bluestreak,Bluestreak
bmurfs-express,BMURFS Express,蓝精灵速递
boda,BODA,博达捷运
bondex,Bondex,海程邦达
botswana-post,Botswana Post,Botswana Post
box,BOX,博克斯供应链
boxin,BOXIN,博信国际物流
boxtal,Boxtal,Boxtal
branding-worldwide-pty-ltd,BRANDING WORLDWIDE PTY LTD,BRANDING WORLDWIDE PTY LTD
brazil-border,Brazil Border,Brazil Border
breeze,Breeze,Breeze
broker-den,Broker Den,Broker Den
brunei-post,Brunei Post,Brunei Post
bsb,BSB,福州八十八
buffalo-za,BUFFALO (ZA),BUFFALO (ZA)
bunddl,Bunddl,Bunddl
burundi-post,Burundi Post,Burundi Post
c&c-coltd,C&C Co.,Ltd,C&C Co.,Ltd
cambodia-post,Cambodia Post,Cambodia Post
campost,Campost,Campost
cbl-logistica,CBL Logistica,CBL Logistica
cc-logistics,CC logistics,诚晨物流
cce,CCE,世纪汇速递
cdex,CDEX,辰达国际物流
centex,CENTEX,忠进货运
chaoyue-international-logistics,Chaoyue international logistics,超跃国际物流
chengtong,CHENGTONG,程通
china-southern-air-logistics,CHINA SOUTHERN AIR LOGISTICS,南航物流
chunghwa-post-demestic,Chunghwa Post (Demestic),Chunghwa Post (Demestic)
cigerma,Cigerma,西格码物流优选
cimc-ads,CIMC ADS,中集安达顺
ck-internation,CK internation,希凯国际
cnor,CNOR,CNOR
comebox,COMEBOX,盟塔斯
comet-hellas,Comet Hellas,Comet Hellas
compass,Compass,Compass
connect-couriers,Connect Couriers,Connect Couriers
correios-cabo-verde,Correios Cabo Verde,Correios Cabo Verde
correo-argentino,Correo Argentino,Correo Argentino
correos-costa-rica,Correos Costa Rica,Correos Costa Rica
correos-de-cuba,Correos de Cuba,Correos de Cuba
correos-de-honduras,Correos de Honduras,Correos de Honduras
correos-ecuador,Correos Ecuador,Correos Ecuador
courier-center,COURIER CENTER,COURIER CENTER
cowin-logistics,Cowin Logistics,旗云国际物流
crosscountry-freight,CrossCountry Freight,CrossCountry Freight
cr-russia,CR-RUSSIA,RUSSIA专线
cse,CSE,CSE
ctecz,CTECZ,盛汇通国际物流
ctgj,CTGJ,诚天国际
cts-express,CTS,华贸国际
cts-group,CTS GROUP,CTS GROUP
cupost-cu,CUpost (CU ?????),CUpost (CU ?????)
cxe,CXE,宸迅速递
cycloon-fietskoeriers,Cycloon (Fietskoeriers),Cycloon (Fietskoeriers)
dabonea,Dabonea,Dabonea
dachser,DACHSER,DACHSER
dakota-group,Dakota Group,Dakota Group
damai-yuncang,DaMai Yuncang,大迈云仓
danske-fragtmnd,Danske Fragtm?nd,Danske Fragtm?nd
ddgyl,DDGYL,东渡供应链
de-well,De Well,德威国际
deliver-it,DELIVER-IT,DELIVER-IT
deltec-courier,Deltec Courier,Deltec Courier
dh,DH,信达全球
dh-city-express,DH CITY EXPRESS,DH城市快递
dida-international-logistics,DIDA International Logistics,嘀嗒国际物流
didadi,DIDADI,嘀嗒嘀物流科技
dingdian,DingDian,丁点集运
djx,DJX,大巨星国际
dobropost,DobroPost,DobroPost
dognposten,Dognposten,Dognposten
dongdi-exp,Dongdi exp,东帝国际
dorje,DORJE,多杰物流
dpd-cz,DPD (CZ),DPD (CZ)
dpexpress,DPExpress,DP快递
dpx-express,DPX EXPRESS,地平线速运
dsv-e-commerce-il,DSV e-Commerce IL,DSV e-Commerce IL
dtd-express,DTD,DTD
duxiuexp,DuXiuExp,独秀国际
dvex,DVEX,德维国际
dylogistics,DYLogistics,递亿物流
easipass,EASIPASS,诚约轻松递
easyseller,EasySeller,亿迈
ebaza,Ebaza,易巴扎
ecg,ECG,ECG
ecgo,ECGO,易速达
echo-global-logistics,Echo Global Logistics,Echo Global Logistics
e-com-shipping-solutions-p-ltd,E-Com Shipping Solutions (P) Ltd,E-Com Shipping Solutions (P) Ltd
ecotrack,ECOTRACK,ECOTRACK
edaycome,edaycome,宜日达
edeliver,eDeliver,递速易国际
efs-e-commerce-fulfillment-servi,EFS (E-commerce Fulfillment Service),EFS (E-commerce Fulfillment Service)
egypt-post,Egypt Post,Egypt Post
eli-express,Eli Express,Eli Express
elite-co,Elite Co.,Elite Co.
endicia,endicia,endicia
envialia,envialia,envialia
enyuan-international,Enyuan International,Enyuan International
epos,EPOS,深圳宜友
eps-cross-border,EPS CROSS BORDER,易办事跨境
equatorial-supply-chain,Equatorial Supply Chain,赤道供应链
eritrea-post,Eritrea Post,Eritrea Post
eship,eShip,eShip
eshiper,eShiper发件网,eShiper发件网
esigetexpress,EsigetExpress,EsigetExpress
euroexpress,EuroExpress,EuroExpress
everwin,EVERWIN,EVERWIN
explus,ExPlus,中田物流(南亚专线）
express-courier-international,Express Courier International,Express Courier International
express-mail-service-ems,Express Mail Service (EMS),Express Mail Service (EMS)
exwworld,ExwWorld,沃德通
famafutar,FamaFutar,FamaFutar
fanku,FANKU,FANKU
fanno,Fanno,Fanno
fargo,FARGO,FARGO
fast-express,FAST EXPRESS,FAST EXPRESS
fastlinkagexpress,Fastlinkagexpress,Fastlinkagexpress
fastsupply,FASTSUPPLY,FASTSUPPLY
fbadidi,FBADiDi,FBADiDi
fcjy,FCJY,风驰集运
fengji-global,Fengji Global,丰集环球
fercam,Fercam,Fercam
fermopoint,fermopoint,fermopoint
ff-express,FF express,飞飞物流
yiyanjc,YIYAN,一言
fiji-post,Fiji Post,Fiji Post
first-global-logistics,First Global Logistics,First Global Logistics
flash-express-la,Flash Express (LA),Flash Express (LA)
flgj,FLGJ,方联国际物流
flickpost,Flickpost,Flickpost
fliway,Fliway,Fliway
fls,FLS,福来讯
flt,FLT,富路通
forza-delivery,Forza Delivery,Forza Delivery
frayun,Frayun,法运
fsac,FSAC,四海方舟
fsqh,FSQH,佛山乾和
fuhai-wulian,Fuhai Wulian,富海物联
fulfillmen,FULFILLMEN,中田物流
gate-link-logistics,Gate Link Logistics,Gate Link Logistics
gbs-broker,GBS-Broker,GBS-Broker
gde,GDE,寄递易
gdyhwl,Gdyhwl,广东盈寰物流
gebrder-weiss-gw,Gebrüder Weiss (GW),Gebrüder Weiss (GW)
gefco,Gefco,Gefco
georgian-post,Georgian Post,Georgian Post
gfl-logstica,GFL Logística,GFL Logística
gfs,GFS,鹏远国际
gfs-seeker,GFS Seeker,GFS Seeker
ghana-post,Ghana Post,Ghana Post
ghl,GHL,广和物流
ghn-giao-hng-nhanh,GHN (Giao Hàng Nhanh),GHN (Giao Hàng Nhanh)
glex,GLEX,远东国际
global-express,Global Express,Global Express
globaltrans,GLOBALTRANS,GLOBALTRANS
glovo,Glovo,Glovo
gls-nl,GLS (NL),GLS (NL)
gls-pt,GLS (PT),GLS (PT)
glt-express,GLT Express,GLT Express
go4,Go4,Go4
gofast,GoFast,够快供应链
good,GOOD,固德
goodluck-courier-service,Goodluck Courier Service,Goodluck Courier Service
gorto,GORTO,国润通
gorush,GoRush,GoRush
gotofreight,Gotofreight,运连网
gpl,GPL,全程动力
granful-solutions-ltd,Granful Solutions Ltd,Granful Solutions Ltd
green-way-couriers,Green-Way couriers,Green-Way couriers
gt-xpress,GT Xpress,GT Xpress
guatex,Guatex,Guatex
guyana-post,Guyana Post,Guyana Post
gyy,GYY,广运源供应链
gzszhhy,GZSZHHY,政豪货运
gzzd,GZZD,广州卓达
haixin-express,Haixin Express,海鑫运通
hart-2-hart,Hart 2 Hart,Hart 2 Hart
haypost,Haypost,Haypost
hecny,Hecny,Hecny
hellmann,Hellmann,Hellmann
henglong-group,HENGLONG GROUP,恒龙集团
hengxun-logistics,Hengxun Logistics,恒巽物流
hh-logistics,HH logistics,HH logistics
hhh,HHH,海河汇
hhy,HHY,恒好运
hiyes,Hiyes,新航通运
hj-gyl,HJ-GYL,HJ-GYL
hmc,HMC,货满舱
hmtm,HMTM,华美天马国际
homerr,Homerr,Homerr
hongxing,HONGXING,鸿兴运通
honor-logistics,Honor Logistics,荣耀国际
hos,HOS,上海鸿沃
hosto,HOSTO,豪速通物流
hrx,HRX,HRX
hsgj,HSGJ,华商国际
huanshi56,HUANSHI56,环世货运
hulihang,hulihang,华利航
huodull,Huodull,Huodull
hx,HX,鸿鑫物流
hy,HY,恒元嘉运
hye,HYE,环洋国际
hyl,HYL,皓宇物流
hytx,HYTX,HYTX
hzzh,HZZH,镇航国际
iceland-post,Iceland Post,Iceland Post
icumulus,iCumulus,iCumulus
ide,IDE,IDE
idexpressindonesia,IDexpressIndonesia,IDexpressIndonesia
iline,ILINE,以通
iloxx-gmbh,iloxx GmbH,iloxx GmbH
ils,ILS,纵横国际物流
inexpost,InexPost,InexPost
inposdom,Inposdom,Inposdom
inpost-pt,InPost (PT),InPost (PT)
inpost-uk,InPost (UK),InPost (UK)
insta-world,Insta World,Insta World
instadispatch,InstaDispatch,InstaDispatch
intel-valley,INTEL-VALLEY,智谷供应链
inter-courier,Inter Courier,Inter Courier
intercontinental-cargo-movers,Intercontinental Cargo Movers,Intercontinental Cargo Movers
intereuropa,Intereuropa,Intereuropa
interlet,Interlet,英特莱特
internet-express,Internet Express,Internet Express
iran-post,Iran Post,Iran Post
iraq-post,Iraq Post (?????? ???????),Iraq Post (?????? ???????)
ivoy,Ivoy,Ivoy
j&t-express-eg,J&T Express (EG),J&T Express (EG)
jaspost,JASPOST,JASPOST
jcyt56,JCYT56,JCYT56
jdiex,JDIEX,JDIEX国际物流
jdt,JDT,玖鼎通
jet-logistic,Jet Logistic,Jet Logistic
jetline-couriers-pvt-ltd,Jetline Couriers Pvt. Ltd,Jetline Couriers Pvt. Ltd
jfp-express,JFP Express,捷派快运
jiashida,Jiashida,佳仕达供应链
jiedan-logistics,Jiedan logistics,捷丹集运
jiede-supply-chain,Jiede supply chain,捷德供应链
jinshida,JINSHIDA,金世达
jinyue-freight,Jinyue Freight,今越国际
jjwex,JJWEX,捷立国际
jl56,JL56,JL56
jlh,JLH,嘉利华
jocom,Jocom,Jocom
jpd-global-pty-ltd,JPD GLOBAL PTY LTD,捷派递
jqgj,JQGJ,景强国际
js-international,JS International,捷晟国际
jtd,JTD,金泰达国际
junfeng-international,JunFeng International,君丰国际
junya,JUNYA,广州骏亚
jx-express,JX EXPRESS,吉箱物流
kdz-express,KDZ Express,KDZ Express
kerry-express,Kerry Express,嘉里快递
king-kerry,KING KERRY,金开宇国际物流
kintetsu-logistics-systems,KINTETSU LOGISTICS SYSTEMS (近鉄ロジスティクス),KINTETSU LOGISTICS SYSTEMS (近鉄ロジスティクス)
knl-cn,KNL-CN,川日国际物流
kpk,KPK,凯尔凯
kurasi,Kurasi,Kurasi
kurir-rekomendasi-tokopedia,Kurir Rekomendasi (Tokopedia),Kurir Rekomendasi (Tokopedia)
kwai-bon,Kwai Bon,桂邦运输
kwiksave-logistics,Kwiksave Logistics,Kwiksave Logistics
kylin,KYLIN,麒麟海外仓
kyrgyz-post,Kyrgyz Post,Kyrgyz Post
la-poste-de-benin,La Poste De Benin,La Poste De Benin
labaih,LaBaih,LaBaih
lambor-logistics,Lambor Logistics,兰博全球小包物流
latam,latam,拉美邮
lcdgyl,LCDGYL,联超达供应链
ledii,LEDii,乐递供应链
lhe,LHE,龙浩速运
liccardi,Liccardi,Liccardi
linked-see,Linked-see,灵犀物流
linlong,LINLONG,LINLONG
lionbay,LionBay,LionBay
liuchen,Liuchen,六尘国际
ljkj56,LJKJ56,蓝鲸物流
llgj,LLGJ,路龙国际
logen,Logen (????),Logen (????)
logistics-tracking,Logistics Tracking,Logistics Tracking
lzfba,LZFBA,乐众物流
mailalliance,Mailalliance,Mailalliance
mainfreight,Mainfreight,Mainfreight
mark-express,Mark Express,Mark Express
masspack,MASSPACK,千百包
maxpress,MAXPRESS,MAXPRESS
mazet,Mazet,Mazet
mds-collivery,MDS Collivery,MDS Collivery
meiyi,Meiyi,美易国际
mercury,Mercury,Mercury
meyer-jumbo,Meyer-Jumbo,Meyer-Jumbo
mgoship,mgoship,海豚日本仓
mia,MIA ,杭州幂雅
mingda,Mingda,明大国际物流
mingyu-logistics,Mingyu Logistics,铭宇国际物流
mkd,MKD,美卡多物流
more-logistics,More Logistics,茂业物流
mrl-global,MRL Global,MRL Global
mss,MSS,MSS
mtd,MTD,MTD
mto-express,MTO EXPRESS,銘東物流
mts,MTS,微霆速
mudita,Mudita,Mudita
mxl,MXL,民祥国际
myloop,Myloop,速锐
nas-express,NAS Express,NAS Express
nationex,Nationex,Nationex
nationwide-express,Nationwide Express,Nationwide Express
net-spa,NET SPA,NET SPA
new-asia,NEW ASIA,新细亚
newhandle,Newhandle,新航道
nimbus-post,Nimbus Post,Nimbus Post
nippon-express,Nippon Express (日本通運),日本通运
noel,Noel,诺艾尔
nord-et-ouest-express,Nord Et Ouest Express,Nord Et Ouest Express
nox-nachtexpress,nox NachtExpress,nox NachtExpress
nuoyu-supply-chain,Nuoyu supply chain,诺誉供应链
nzt-logistics-corp,NZT LOGISTICS CORP,家家通
obc-logistics,OBC Logistics,OBC Logistics
octopus,octopus,八爪鱼
odm-express,ODM Express,ODM Express
ogi,OGI,万国国际
ondot-courier,Ondot Courier,Ondot Courier
one-express,One Express,一速递
onetouch-tech,onetouch-tech,链仓科技
onex,ONEX,ONEX
online-worldwide-logistics,Online Worldwide Logistics,欧莱物流
optima,Optima,Optima
orlen-paczka,ORLEN Paczka,ORLEN Paczka
ouguan-supply-chain,Ouguan supply chain,鸥冠供应链
ouhua,OUHUA,欧华
ouopalletonlinelogistics,OuoPalletOnlinelogistics,OuoPalletOnlinelogistics
ouyou-internationality,OUYOU INTERNATIONALITY,欧邮国际
paack,Paack,Paack
pacifac,PACIFAC,亿泰
pack-&-send,PACK & SEND,PACK & SEND
pafeite,PaFeiTe,帕菲特
parxl,parxl,parxl
pass-the-parcel,Pass the Parcel,Pass the Parcel
paxel,Paxel,Paxel
pbt-express-freight-network,PBT Express Freight Network,PBT Express Freight Network
pcp-express,PCP EXPRESS,PCP EXPRESS
penguin,Penguin,Penguin
pgl,PGL,广州派菲顾
pick-pack-pont,Pick Pack Pont,Pick Pack Pont
pickupp-hk,Pickupp (HK),Pickupp (HK)
pickupp-my,Pickupp (MY),Pickupp (MY)
pickupp-sg,Pickupp (SG),Pickupp (SG)
pickupp-tw,Pickupp (TW),Pickupp (TW)
pigeon-logisitcs,Pigeon Logisitcs,飞鸽物流
pinke,Pinke,上海品客
plg-futr,PLG Futár,PLG Futár
pocztex,Pocztex,Pocztex
posta-e-kosovs,Posta e Kosov?s,Posta e Kosov?s
postnet,PostNet,PostNet
postnord-fi,PostNord (FI),PostNord (FI)
postnord-no,PostNord (NO),PostNord (NO)
postone,PostOne,PostOne
pp-air,PP-AIR,派派国际
ppex,PPEX,PPEX
prime-express-logistics,Prime Express Logistics,Prime Express Logistics
printway-express,Printway Express,Printway Express
pstzx,PstZX,PstZX
pt-maju-bersama-semeru-parcelgoo,PT Maju Bersama Semeru (Parcelgoo),PT Maju Bersama Semeru (Parcelgoo)
pullman-cargo,Pullman Cargo,Pullman Cargo
qep,QEP,强焱国际物流
qingzhou-supply-chain,Qingzhou Supply Chain,擎洲供应链
quanchenhui,QUANCHENHUI,全成汇
quick&perfct,Quick&Perfct,快美物流
rabee-express,RaBee Express,RaBee Express
redc,RedC,RedC
redur,Redur,Redur
relaiscolis,RelaisColis,RelaisColis
relex,Relex,Relex
rex-kiriman-express,REX Kiriman Express,REX Kiriman Express
rivigo,Rivigo,Rivigo
rivo,Rivo,Rivo
romano-logistics,ROMANO LOGISTICS,ROMANO LOGISTICS
rpx-online,RPX Online,RPX Online
rtt,RTT,RTT
ryder,Ryder,Ryder
rz,RZ,睿致国际
saferbo,Saferbo,Saferbo
sameday-hu,Sameday (HU),Sameday (HU)
sangzhou,Sangzhou,上海桑州
sapphire-box,Sapphire Box,Sapphire Box
saveway-logistics,Saveway Logistics,Saveway Logistics
sca-express,SCA Express,SCA Express
searates,SeaRates,SeaRates
seashells-tong,Seashells tong,海贝通
segmail,Segmail,Segmail
service-points,Service Points,Service Points
servientrega,servientrega,servientrega
shang-fang,Shang Fang,尚方国际
shangqi-international-logistics,Shangqi International Logistics,上启国际物流
shangtong-logistics,Shangtong logistics,尚通国际物流
shape-sky-logistics,Shape Sky Logistics,Shape Sky Logistics
shdj,SHDJ,SHDJ
she-express,SHE EXPRESS,六匹马
shifeng,ShiFeng,时丰国际
shipa,SHIPA,SHIPA
shipglobal-us,ShipGlobal US,ShipGlobal US
shippit,Shippit,Shippit
shipshopus,ShipShopUS,ShipShopUS
shiptor,Shiptor,Shiptor
shree-mahavir-express-services,Shree Mahavir Express Services,Shree Mahavir Express Services
sihai-inc,SIHAI INC,克里斯兰
sinoair,Sinoair,外运发展
sinotrans-south,Sinotrans South,华南中外运供应链
sixu,SIXU,斯旭国际
skr,SKR,SKR
skyking,Skyking,Skyking
skynet-my,Skynet (MY),Skynet (MY)
sl56,SL56,SL56
slicity,SLICITY,顺联城物流
slt,SLT,胜利通
sm,SM,赛米国际
smb-express,SMB Express,SMB Express
soarmall,SoarMall,速猫
solid-logistics,SOLID LOGISTICS,上海昌迈
sonapost,Sonapost,Sonapost
south-american-post,South American Post,南美邮联
spaldex,Spaldex+,Spaldex+
speedex,SPEEDEX,SPEEDEX
sprint,sprint,sprint
sprinter,Sprinter,Sprinter
sqgj,SQGJ,胜琪国际
ssc,SSC,加速供应链
st-cargo,ST CARGO,世拓物流
standard-global-logistics,Standard Global Logistics,Standard Global Logistics
starex-logistic,Starex Logistic,Starex Logistic
staron,Staron,星橙物流
sterling-global-aviation-logisti,Sterling Global Aviation Logistics,Sterling Global Aviation Logistics
sue,SuE,速俄
sugouex,SUGOUEX,速购速递
sunson,Sunson,燊鑫国际物流
superbuy,Superbuy,Superbuy
superhero-express,Superhero Express,Superhero Express
superior-digital,Superior Digital,速点供应链
suteng-logistics,Suteng Logistics,速腾物流
swift,Swift,Swift
sxjd,SXJD,顺心捷达
synship,SynShip,SynShip
sz-xinhe,SZ Xinhe,欣和物流
szmy,SZMY,SZMY
szxyd-logistics,SZXYD LOGISTICS,鑫翼达
team-worldwide,Team Worldwide,Team Worldwide
teiker,Teiker,Teiker
thabit-logistics,Thabit Logistics,Thabit Logistics
tj-exp,TJ-EXP,淘晶货运
tjgj,TJGJ,腾嘉国际
tm-cargo,TM Cargo,TM Cargo
tonga-post,Tonga Post,Tonga Post
top-logistics-australia-tla,Top Logistics Australia (TLA),Top Logistics Australia (TLA)
top-post,Top Post,鼎邮国际货运
tp-logistics,TP Logistics,TP Logistics
trumpcard,TrumpCard,TrumpCard
trustone,TRUSTONE,全速通
tse,TSE,TSE
ttgj,TTGJ,通途国际
tuffnells,Tuffnells,Tuffnells
tws-express-courier,TWS Express Courier,TWS Express Courier
twth,TWTH,拓威天海
txexpress,TXExpress,贴心物流
ty,TY,腾宇国际
ucorreos,uCorreos,环球通
ucs,UCS,合众速递
ustex,UstEx,UstEx
valley-tms,Valley TMS,Valley TMS
vamox,Vamox,Vamox
vanuatu-post,Vanuatu Post,Vanuatu Post
vasp-expresso,Vasp Expresso,Vasp Expresso
vau,VAU,华邮国际
verykship,VerykShip,唯客物流
via-cargo,Via Cargo,Via Cargo
viettel-post,Viettel Post,Viettel Post
vyang,VYANG,维央
walkers-transport,Walkers Transport,Walkers Transport
wallaby-express,WALLABY EXPRESS,小袋鼠
wan-yuntong,Wan Yuntong,万运通
wedo,WE|DO,WE|DO
wedoex,WEDO,运德
weisa,WEISA,威飒国际
weitu-technology-logistics,Weitu Technology Logistics,维途科技物流
westlink,WESTLINK,WESTLINK
wher-express,WHER EXPRESS,威盛快递
wia-fulfill,WIA Fulfill,维亚智通
worldwide-logistics,worldwide logistics,环世物流集团
wst,WST,万顺通
wu-xing-supply-chain,Wu Xing Supply Chain,伍星供应链
xc-international-logistics,XC international logistics,湘诚国际物流
xh,XH,XH
xingtongglobal,XingTongGlobal,星通集运
xinmatai,XinMaTai,新马泰
xinyan-international,Xinyan international,心妍物流
xqc,XQC,修青春
xslong,xslong,兴胜隆
xt,XT,迅田国际
xtools,XTOOLS,超兔供应链
xunhe,XUNHE,讯合国际
xxz365,XXZ365,先行者
xyexp,xyexp,兴源供应链
xytkj,XYTKJ,鑫运通跨境
yaohongguoji,yaohongguoji,耀鸿国际
yc-logistics,YC LOGISTICS,煜诚国际
yd-logistics,YD LOGISTICS,YD LOGISTICS
ydm,YDM,壹斗米
ydt,YDT,易达通
ydyt,YDYT,易达运通
yechain,Yechain,易链供应链
yes,YES,YES
yf-logistics,YF Logistics,YF Logistics
yf518,YF518,袁航电子
yht-cargo,YHT Cargo,运货通
yida,YIDA,宜达物流
yifan-chain,YIFAN,一帆供应链
yifeng,Yifeng,一丰集运
yiminghui,YIMINGHUI,深圳易明慧
yj,YJ,运匠物流
yle-carrier,YLE,亚龙速运
yme,YME,运盟国际
youda,YOUDA,优达国际
youtai,Youtai,优泰
youyiex,youyiex,邮易仓
yuanzk,Yuanzk,源之康物流
yuchi-international,Yuchi International,雨驰国际
yuegejing,Yuegejing,越个境
yuetu,Yuetu,跃兔
yuex-logistics,YUEX LOGISTICS,悦翔物流
yuhong,Yuhong,豫虹国际
yunant,YUNANT,云蚁
yunlema,YUNLEMA,运了吗
yunqi,YUNQI,云旗国际
yuns,YunS,远尚物流
yunwujie,YUNWUJIE,运无界
yuu,YUU,云邮
yzy,YZY,YZY
zasilkovnazsilkovna,Zasilkovna(Zásilkovna),Zasilkovna(Zásilkovna)
zda,ZDA,中达国际
zdsd,ZDSD,ZDSD
zfex,ZFEX,ZFEX
zgl,ZGL,ZGL
zhicheng,Zhicheng,智诚国际
zhijiedasupplychain,ZhijiedaSupplyChain,智杰达供应链
zhixian,zhixian,直线供应链
zhmy,ZHMY,ZHMY
zhongling,ZHONGLING,中领国际
zhongpeng,Zhongpeng,中鹏供应链
zhongshu-supply-chain,ZhongShu Supply Chain,忠恕供应链
zl-international,ZL international,纵联国际
zst,ZST,ZST
ztt,ZTT,ZTT
ztwl,ZTWL,中塔物流
zy56,ZY56,中运国际供应链
zyqq,ZYQQ,转运全球
econt,Еконт (Econt),Еконт (Econt)
unitrade,Юнитрейд (Unitrade),Юнитрейд (Unitrade)
kunyong-express,???? (KUNYONG EXPRESS),???? (KUNYONG EXPRESS)
jzwl,剑展物流,剑展物流
otw,埃德维OTW,埃德维OTW
tsl-gj,天胜国际(TSL),天胜国际
hnlidi,HN Lidi,利滴物流
sf-international,SF International,顺丰国际
atuhoraexpress,A TU HORA EXPRESS,A TU HORA EXPRESS
szxhy, Logistic,星鸿运
yht56,YHT,运航通物流
amazon_es,Amazon shipping ES,Amazon shipping ES
emx,EMX,EMX
tbl,TBL Logistics,拓博祥供应链
3cliques,3CLIQUES,3CLIQUES
dpd-hr,DPD(HR),DPD(HR)
lxwms,lxwms,lxwms
direct-freight,Direct Freight Express ,Direct Freight Express 
x-trac,X-TRAC,X-TRAC
suus,ROHLIG SUUS,ROHLIG SUUS
jtexpressbr,J&T Express (BR),J&T Express (BR)
